<?xml version="1.0" encoding="UTF-8" standalone="yes"?>
<addon id="plugin.video.melodice" name="Unofficial Melodice player" version="1.0.1" provider-name="goldmojo">
	<requires>
		<import addon="xbmc.python" version="2.14.0"/>
		<import addon="plugin.video.youtube" version="6.5.2"/>
	</requires>
	<extension point="xbmc.python.script" library="addon.py">
		<provides>video</provides>
	</extension>
	<extension point="xbmc.addon.metadata">
		<platform>all</platform>
		<summary lang="en">Unofficial access to Melodice.org playlists</summary>
		<description lang="en">Search for a game on Melodice.org website and play associated playlist</description>
		<license>GNU General Public License, v2</license>
		<language></language>
		<source>https://github.com/goldmojo/plugin.video.melodice</source>
		<assets>
			<icon>icon.png</icon>
		</assets>
		<news>Change deprecated youtube API</news>
	</extension>
</addon>